{"cameraMode":{"drawMode":0,"name":"Shaded","section":"Shading Mode"},"sceneLighting":true,"audioPlay":false,"sceneViewState":{"showFog":true,"showMaterialUpdate":false,"showSkybox":true,"showFlares":true,"showImageEffects":true,"showParticleSystems":true},"in2DMode":false,"pivot":{"x":0.6647133827209473,"y":-0.13892671465873719,"z":-0.15896105766296388},"rotation":{"x":-0.051586538553237918,"y":-0.21167421340942384,"z":0.011190198361873627,"w":-0.9759258031845093},"size":1.8744068145751954,"orthographic":false}