{"cameraMode":{"drawMode":0,"name":"Shaded","section":"Shading Mode"},"sceneLighting":true,"audioPlay":false,"sceneViewState":{"showFog":true,"showMaterialUpdate":false,"showSkybox":true,"showFlares":true,"showImageEffects":true,"showParticleSystems":true},"in2DMode":false,"pivot":{"x":1.3348896503448487,"y":-4.237666606903076,"z":-0.781825065612793},"rotation":{"x":-0.22507357597351075,"y":-0.10265733301639557,"z":0.023856094107031823,"w":-0.9686358571052551},"size":11.286173820495606,"orthographic":false}